bin,count,avg_conf,accuracy
"(0.0,0.5]",2,0.48225949232280485,0.5
"(0.5,0.6]",4,0.5543462020748869,0.25
"(0.6,0.7]",3,0.6507204244586701,1.0
"(0.7,0.8]",2,0.7373192177054692,1.0
"(0.8,0.9]",7,0.8546351091595392,1.0
"(0.9,1.0]",22,0.9750931218768838,0.8181818181818182
