cluster,size_total,labeled_support,purity_on_labeled,major_label,avg_confidence
4,246,15,0.8,3,0.8703647039989686
3,160,8,0.5,2,0.8848814645443366
0,556,7,1.0,1,0.9408678407635149
5,266,4,1.0,2,0.9053404111368043
1,69,4,1.0,3,0.9022060859332722
2,303,2,0.5,2,0.9013099367476458
