run,seed,ari_vs_baseline
0,142,0.5404052121123957
1,143,0.5795893064821586
2,144,0.5490100550163515
3,145,0.5945064288906253
4,146,0.6250461833078099
5,147,0.5887981627401239
6,148,0.4886176025319239
7,149,0.5782398618628994
