fold,best_k_bic,ari_test,nmi_test,acc_test_mapped,macro_f1_test_mapped,hc_unlabeled_count,test_mapped_coverage
1,7,0.03076923076923077,0.5333333333333333,0.5,0.4904761904761905,0,1.0
2,8,-0.029411764705882353,0.49547509850560517,0.625,0.611111111111111,0,1.0
3,7,0.023255813953488372,0.4219082561972074,0.25,0.2619047619047619,52,1.0
4,10,-0.029411764705882353,0.49547509850560517,0.25,0.20634920634920637,0,1.0
5,10,-0.12903225806451613,0.49999999999999994,0.375,0.2814814814814815,0,1.0
