k,bic,aic,silhouette
3,46640.322923468935,46371.43497805754,0.1343756829499433
4,46543.548409590956,46183.23856273969,0.11499536382386394
5,46458.88457478662,46007.15282649548,0.11359517865718091
6,46415.981671219924,45872.82802148891,0.11102274981654159
7,46404.8597320051,45770.284180834205,0.10874941286511262
8,46449.64133451082,45723.64388190006,0.09871356451155673
9,46508.38464006747,45690.96528601683,0.10332418427157743
10,46555.56374584894,45646.72249035843,0.10535686542709605
